﻿<?xml version="1.0"?>
<doc>
<assembly>
<name>
AdexProject
</name>
</assembly>
<members>
<member name="T:AdexProject.My.Resources.Resources">
<summary>
  Une classe de ressource fortement typée destinée, entre autres, à la consultation des chaînes localisées.
</summary>
</member>
<member name="P:AdexProject.My.Resources.Resources.ResourceManager">
<summary>
  Retourne l'instance ResourceManager mise en cache utilisée par cette classe.
</summary>
</member>
<member name="P:AdexProject.My.Resources.Resources.Culture">
<summary>
  Remplace la propriété CurrentUICulture du thread actuel pour toutes
  les recherches de ressources à l'aide de cette classe de ressource fortement typée.
</summary>
</member>
<member name="P:AdexProject.My.Resources.Resources._exit">
<summary>
  Recherche une ressource localisée de type System.Drawing.Bitmap.
</summary>
</member>
<member name="P:AdexProject.My.Resources.Resources.adxicon">
<summary>
  Recherche une ressource localisée de type System.Drawing.Bitmap.
</summary>
</member>
<member name="P:AdexProject.My.Resources.Resources.adxpng">
<summary>
  Recherche une ressource localisée de type System.Drawing.Bitmap.
</summary>
</member>
<member name="P:AdexProject.My.Resources.Resources.banner">
<summary>
  Recherche une ressource localisée de type System.Drawing.Bitmap.
</summary>
</member>
<member name="P:AdexProject.My.Resources.Resources.bannerpng">
<summary>
  Recherche une ressource localisée de type System.Drawing.Bitmap.
</summary>
</member>
<member name="P:AdexProject.My.Resources.Resources.GUI_Blue_Clicked">
<summary>
  Recherche une ressource localisée de type System.Drawing.Bitmap.
</summary>
</member>
<member name="P:AdexProject.My.Resources.Resources.GUI_Blue_Filled">
<summary>
  Recherche une ressource localisée de type System.Drawing.Bitmap.
</summary>
</member>
<member name="P:AdexProject.My.Resources.Resources.GUI_Blue_NotFilled">
<summary>
  Recherche une ressource localisée de type System.Drawing.Bitmap.
</summary>
</member>
<member name="P:AdexProject.My.Resources.Resources.GUI_Loading">
<summary>
  Recherche une ressource localisée de type System.Drawing.Bitmap.
</summary>
</member>
<member name="P:AdexProject.My.Resources.Resources.GUI_Loading_Speed">
<summary>
  Recherche une ressource localisée de type System.Drawing.Bitmap.
</summary>
</member>
<member name="P:AdexProject.My.Resources.Resources.updatecheck">
<summary>
  Recherche une ressource localisée de type System.Drawing.Bitmap.
</summary>
</member>
</members>
</doc>
